NOMBRE_ESTADO,ID_DISTRITO,PAN,PRI,PRD,PVEM,PT,MC,MORENA,PES,RSP,FXM,CI,PAN-PRI-PRD,PAN-PRI,PAN-PRD,PRI-PRD,PVEM-PT-MORENA,PVEM-PT,PVEM-MORENA,PT-MORENA,CANDIDATO/A NO REGISTRADO/A,VOTOS NULOS,TOTAL_VOTOS_CALCULADOS
Aguascalientes,1,62262,23498,7701,11731,7696,6494,48317,3184,2208,9231,0,262,222,452,41,0,0,0,0,223,7006,190528
Aguascalientes,2,64670,10097,3629,3174,2320,6339,41108,2433,1049,2872,0,0,0,0,0,74,13,45,258,232,5001,143314
Aguascalientes,3,101758,12857,2692,3424,1860,7128,38810,2243,975,3108,0,0,0,0,0,91,13,25,183,197,4882,180246
Baja California,1,23651,6410,1134,3178,1960,8432,59257,20582,1632,2650,0,471,160,28,5,267,41,127,207,112,4059,134363
Baja California,2,32136,9237,1461,2713,1816,7999,58174,22197,2273,2546,0,0,0,0,0,0,0,0,0,145,5060,145757
Baja California,3,15956,8875,2056,2623,7616,5337,52844,17317,3907,14696,0,513,117,22,21,667,164,164,723,121,4868,138607
Baja California,4,10322,4825,2155,4001,4431,5480,81138,19177,1692,2558,0,236,73,22,13,0,0,0,0,106,4921,141150
Baja California,5,29449,9673,2135,3645,3135,6540,60352,26436,2421,3085,0,981,183,55,17,0,0,0,0,157,4606,152870
Baja California,6,24368,9707,2095,3668,1956,6103,57298,28160,1688,2667,0,757,180,47,13,0,0,0,0,88,4914,143709
Baja California,7,12331,8018,1565,4236,3006,7050,58113,22148,3142,5993,0,358,113,19,13,268,48,123,294,180,4806,131824
Baja California,8,14277,5969,2335,3092,2063,5109,68282,24246,1517,2546,0,421,96,40,16,492,47,175,328,113,3731,134895
Baja California Sur,1,59218,7859,1548,5070,6583,5900,56609,3822,1665,4254,0,1750,1061,122,21,196,51,115,3197,126,5004,164171
Baja California Sur,2,35240,3511,874,3541,7873,3277,41834,2577,2608,5527,0,918,449,70,12,127,31,72,3417,106,3651,115715
Campeche,1,7051,61847,1810,3072,4450,51026,84232,2015,3189,1529,0,2020,600,32,87,0,0,0,0,90,5330,228380
Campeche,2,13813,45194,1641,2551,3205,28966,88485,1531,1761,821,0,1549,721,39,76,0,0,0,0,43,5678,196074
Coahuila de Zaragoza,1,20654,55528,962,8550,12367,3027,65537,1735,1001,2415,0,0,0,0,0,67,24,94,144,98,3602,175805
Coahuila de Zaragoza,2,18404,75847,1930,12424,1417,3234,72825,1904,879,3158,0,0,0,0,0,53,18,141,113,88,4250,196685
Coahuila de Zaragoza,3,53858,60769,1004,1553,870,5193,53312,1069,550,8588,0,0,0,0,0,61,9,40,126,44,3418,190464
Coahuila de Zaragoza,4,20459,90787,1340,4682,1076,3903,55845,1286,505,1449,0,0,0,0,0,223,19,173,185,61,3956,185949
Coahuila de Zaragoza,5,43303,74205,1038,1724,915,1695,61433,611,635,1438,0,0,0,0,0,123,8,83,186,77,3090,190564
Coahuila de Zaragoza,6,21310,79712,2435,6221,2543,2082,62581,995,691,5409,0,0,0,0,0,93,31,113,147,53,3728,188144
Coahuila de Zaragoza,7,12681,79397,6213,3362,1913,4363,60421,1412,768,4851,0,0,0,0,0,0,0,0,0,83,4773,180237
Colima,1,19558,26237,1394,20160,3931,28765,45758,3610,1699,4515,0,2015,406,21,29,0,0,0,0,139,4607,162844
Colima,2,12111,15539,906,30126,3342,9584,45746,5557,1439,5022,0,1110,337,43,28,0,0,0,0,151,3811,134852
Chiapas,1,2499,8954,2828,59601,9397,4214,68885,9637,13149,2361,0,189,55,18,16,391,106,279,149,48,13657,196433
Chiapas,10,6328,44725,12591,43841,3011,2702,43349,14607,2773,4288,0,277,83,32,81,30,34,57,55,18,15635,194517
Chiapas,11,851,3280,986,60315,21170,2921,74083,4040,4675,1336,0,22,7,10,8,0,0,0,0,18,8217,181939
Chiapas,12,9805,19754,6832,37628,11283,5397,72112,10728,6440,2493,0,798,207,66,79,0,0,0,0,70,11880,195572
Chiapas,13,3727,64436,3342,17932,5634,5871,41903,10085,6249,2991,0,448,106,23,49,98,46,82,135,298,13662,177117
Chiapas,2,10124,13116,6187,38606,6842,9962,65487,6207,4802,4212,0,920,205,62,51,706,77,267,270,162,10408,178673
Chiapas,3,6731,12739,1572,29007,12895,3716,68129,12695,11198,3065,0,546,155,36,27,214,107,231,158,86,7092,170399
Chiapas,4,3294,22781,1877,26598,15392,5127,61715,6544,3763,2760,0,524,142,33,83,202,94,128,173,867,9988,162085
Chiapas,5,12382,18309,2348,2434,3303,14612,59914,4573,6542,2404,0,1928,391,85,77,624,57,148,431,244,6587,137393
Chiapas,6,3509,12840,2222,48049,7287,4600,65169,15211,3465,2201,0,221,56,17,23,110,102,185,76,50,10944,176337
Chiapas,7,1678,9070,3896,19037,18553,2340,51405,26254,2496,1731,0,252,18,19,36,19,36,42,59,52,13776,150769
Chiapas,8,6998,20108,1488,20835,10974,3950,70041,8758,4775,1884,0,895,218,40,51,0,0,0,0,107,7457,158579
Chiapas,9,3764,14524,3645,31395,25787,3036,44768,15494,8599,1447,0,371,89,30,140,238,71,91,108,88,11317,165002
Chihuahua,1,20762,8207,942,3807,2459,8822,63896,2711,944,1991,0,127,87,41,12,0,0,0,0,84,3925,118817
Chihuahua,2,25077,14678,2316,6724,2517,10691,49733,3166,832,2434,0,337,219,118,18,134,20,112,440,51,4399,124016
Chihuahua,3,18496,7383,722,3060,2462,7624,52527,2776,839,1955,0,66,109,62,6,101,25,55,678,101,3553,102600
Chihuahua,4,58596,13487,948,3775,2446,10326,57135,3221,1614,2394,0,293,180,92,4,143,18,58,587,173,3981,159471
Chihuahua,5,75145,22853,3774,4645,4250,18891,29114,4214,1002,1260,0,285,373,170,23,40,19,36,277,56,5423,171850
Chihuahua,6,124009,12308,1294,4217,2015,11788,43010,2865,740,1504,0,0,0,0,0,0,0,0,0,107,4274,208131
Chihuahua,7,51010,29306,2075,3386,1943,11547,32127,2799,1482,1230,0,267,530,88,22,87,17,47,243,23,6809,145038
Chihuahua,8,78315,10829,1694,4662,2678,11025,48474,2974,1126,1611,0,0,0,0,0,203,40,130,556,80,4219,168616
Chihuahua,9,35291,44092,1602,3492,2646,23886,25409,5671,1152,1729,0,142,542,108,36,52,23,54,171,62,7940,154100
Ciudad de México,1,18996,14757,8971,4558,2927,4193,73175,4085,1778,2911,0,837,169,60,56,0,0,0,0,211,5370,143054
Ciudad de México,10,51402,29838,15711,5219,4530,6085,70059,2998,1555,3366,0,2076,408,101,93,282,43,102,793,259,5188,200108
Ciudad de México,11,55752,25985,4533,6111,3340,4948,78366,4049,1827,11213,0,2240,420,89,51,541,30,169,779,214,5385,206042
Ciudad de México,12,19665,15398,4116,3795,4772,4553,60795,3437,1175,2699,0,967,197,43,42,361,41,119,1139,148,3978,127440
Ciudad de México,13,42791,19830,4281,2706,2198,11299,48945,1663,1005,6696,0,1853,307,74,45,236,18,62,714,189,4106,149018
Ciudad de México,14,55883,36340,5262,4608,6103,5770,53164,3739,1345,5104,0,2206,450,95,78,0,0,0,0,195,5998,186340
Ciudad de México,15,30171,27388,18048,4716,3519,5881,81197,3113,1779,4026,0,1853,304,78,121,0,0,0,0,211,5952,188357
Ciudad de México,16,24891,28912,5407,3154,3082,4637,58078,3703,1989,2573,0,1637,313,64,95,250,31,72,744,245,4843,144720
Ciudad de México,17,14352,22234,8190,7988,4485,4162,59829,4449,1477,3156,0,1028,233,68,380,0,0,0,0,151,5609,137791
Ciudad de México,18,86850,18626,2972,3059,3539,9080,60106,1726,1049,2227,0,1867,435,102,39,671,80,184,760,198,3631,197201
Ciudad de México,19,32676,25693,10533,3602,3012,6563,74398,2452,1157,3252,0,2195,278,108,86,0,0,0,0,228,5227,171460
Ciudad de México,2,46700,29166,4662,3117,2289,5400,52173,2339,1178,3166,0,2235,374,62,63,0,0,0,0,318,4753,157995
Ciudad de México,20,42779,25124,9897,11948,2963,6070,70842,3584,1798,4840,0,1218,278,95,134,282,34,128,721,265,5085,188085
Ciudad de México,21,35523,18383,3503,3783,2822,11341,56656,2030,1125,5984,0,1365,281,54,51,0,0,0,0,243,5132,148276
Ciudad de México,22,142519,23558,3728,2336,1917,6565,46392,1492,835,1957,0,2181,567,112,52,257,14,60,544,276,3806,239168
Ciudad de México,23,47069,24385,14072,4315,2836,5915,60216,2649,1052,4259,0,2491,427,159,119,486,53,127,572,209,4892,176303
Ciudad de México,24,52585,46599,7911,6838,2969,5299,54365,3964,1751,3931,0,2163,465,115,166,346,55,154,578,128,4919,195301
Ciudad de México,3,36868,23097,8580,7974,3295,6328,66453,2721,1125,2541,0,1645,299,80,71,0,0,0,0,279,5704,167060
Ciudad de México,4,21543,18010,7532,5333,3238,4652,71656,2944,1058,2371,0,1052,217,46,57,0,0,0,0,148,5198,145055
Ciudad de México,5,14461,15328,10974,4329,3607,4418,65956,2227,1105,2133,0,808,165,53,67,300,31,114,959,135,3945,131115
Ciudad de México,6,17426,25540,2810,6872,5212,5840,66578,4493,2041,4845,0,1260,286,53,65,0,0,0,0,187,6402,149910
Ciudad de México,7,7802,9324,6218,4054,3002,3206,66910,2759,809,1818,0,434,115,36,58,0,0,0,0,96,4817,111458
Ciudad de México,8,59430,24473,14322,3696,4013,8331,73794,2352,1201,3441,0,2931,454,189,114,281,33,97,914,236,5418,205720
Ciudad de México,9,68724,27182,5181,6043,3892,6100,61922,2296,1213,3332,0,2817,479,102,55,0,0,0,0,235,4993,194566
Durango,1,31727,37368,2033,8150,4692,4968,41992,2318,3203,1952,0,1196,1024,56,48,155,39,119,877,79,4270,146266
Durango,2,16214,35341,1372,3739,2034,3915,65853,2142,784,1502,0,1054,654,31,50,297,45,241,454,85,3174,138981
Durango,3,20445,35742,5032,16889,4023,5204,45808,2322,3608,1724,0,895,491,61,77,218,78,177,643,49,3888,147374
Durango,4,31859,23692,1718,2083,5417,15375,32696,2982,14110,3338,0,1431,795,64,37,229,41,61,1259,129,4024,141340
Guanajuato,1,43911,30284,6625,6913,3077,2262,23911,4582,2960,5606,0,0,0,0,0,0,0,0,0,131,6878,137140
Guanajuato,10,42933,21391,3378,6304,7540,6433,31691,4374,1568,4315,0,0,0,0,0,0,0,0,0,107,4947,134981
Guanajuato,11,99667,10498,1114,4890,872,5197,25927,1005,590,953,0,0,0,0,0,0,0,0,0,91,2684,153488
Guanajuato,12,55770,12186,1878,17240,3115,4013,18197,1406,5519,2502,0,0,0,0,0,0,0,0,0,94,4378,126298
Guanajuato,13,72977,11045,994,4831,1033,4114,29142,1455,574,1310,0,0,0,0,0,0,0,0,0,77,2893,130445
Guanajuato,14,79939,10103,1039,4744,946,4169,30050,1075,599,1016,0,0,0,0,0,0,0,0,0,96,2790,136566
Guanajuato,15,58653,26453,1531,8245,996,4603,22745,871,369,563,0,0,0,0,0,0,0,0,0,41,3235,128305
Guanajuato,2,47317,7775,9293,7741,5032,12253,50531,2135,4295,4229,0,252,102,63,68,0,0,0,0,150,4658,155894
Guanajuato,3,50875,14355,1291,4331,1160,3850,34454,1567,1171,1666,0,0,0,0,0,0,0,0,0,101,2911,117732
Guanajuato,4,39487,21201,5445,14023,1911,12324,41064,3743,2640,1517,0,0,0,0,0,0,0,0,0,89,4563,148007
Guanajuato,5,66851,9615,1293,4368,956,3792,29026,1100,726,1231,0,0,0,0,0,0,0,0,0,84,2587,121629
Guanajuato,6,56265,14286,2336,5841,4550,5574,44108,2051,1174,2038,0,0,0,0,0,0,0,0,0,110,3670,142003
Guanajuato,7,46290,24483,2814,7132,2087,7037,38644,2159,8939,3317,0,0,0,0,0,27,15,33,60,60,4649,147746
Guanajuato,8,42847,20434,3462,9823,3497,7969,30445,4913,2124,2529,0,0,0,0,0,0,0,0,0,212,5455,133710
Guanajuato,9,48051,10831,1601,2730,1095,4503,37419,1160,1142,1184,0,0,0,0,0,0,0,0,0,168,2988,112872
Guerrero,1,1028,50317,24561,1061,4770,5106,59368,1139,860,915,0,357,66,29,973,98,82,108,169,12,4748,155767
Guerrero,2,16269,37118,21331,7125,5900,3967,53567,2973,3020,8834,0,0,0,0,0,0,0,0,0,62,6782,166948
Guerrero,3,1853,39759,33822,3447,2357,3218,84543,4934,2302,1221,0,205,56,28,1136,80,28,88,123,35,5333,184568
Guerrero,4,2938,34327,6681,2291,1622,9354,82749,2522,1396,3124,0,337,59,15,844,0,0,0,0,96,5150,153505
Guerrero,5,3413,36742,17341,8914,27703,9331,56220,5279,1848,1264,0,156,51,39,399,573,79,59,310,4179,8171,182071
Guerrero,6,6484,41875,49624,4169,4105,3751,51345,2243,2128,823,0,91,94,121,1160,46,33,58,84,82,7159,175475
Guerrero,7,6514,47500,9286,2451,4734,2480,70073,1886,1656,1727,0,695,349,53,1202,123,39,66,214,99,5102,156249
Guerrero,8,5415,35502,21931,19770,5652,2824,60003,4033,1359,1974,0,140,90,49,703,53,162,309,164,21,7192,167346
Guerrero,9,2437,44321,5490,2607,2155,3154,68008,2595,1445,1951,0,233,80,25,958,0,0,0,0,45,4852,140356
Hidalgo,1,13805,48466,4740,3711,3532,2227,57922,15150,3366,2013,0,355,381,76,113,198,92,110,265,41,6734,163297
Hidalgo,2,14770,30596,7125,2740,5594,2111,65616,3250,3404,2849,0,551,305,79,120,421,82,127,434,60,6043,146277
Hidalgo,3,6140,40734,7024,3546,2717,2319,63946,2455,1932,2419,0,564,165,43,112,0,0,0,0,64,5450,139630
Hidalgo,4,7286,36710,4609,2711,2108,3771,54560,2340,2033,3132,0,632,309,62,137,385,61,151,355,121,4888,126361
Hidalgo,5,19612,31295,4608,7412,2465,4202,69969,2109,3130,3315,0,1861,568,258,151,934,68,445,351,54,4991,157798
Hidalgo,6,13809,54687,2118,2561,2671,5366,75585,2137,1688,3639,0,1203,487,38,87,524,22,154,501,127,4563,171967
Hidalgo,7,9184,44323,2425,2555,2090,2843,65984,1696,2543,2463,0,890,310,26,58,0,0,0,0,93,4338,141821
Jalisco,1,33833,33096,1964,5256,5487,47463,31901,3242,1089,2474,0,249,126,23,12,121,11,24,56,43,4179,170649
Jalisco,10,41485,14083,637,7986,887,49948,19621,3404,1896,1900,0,113,111,14,7,0,0,0,0,101,3508,145701
Jalisco,11,56883,29530,1101,5786,1367,40436,18916,4453,601,6794,0,286,293,27,20,0,0,0,0,99,5154,171746
Jalisco,12,18185,15907,823,2877,1289,45656,34090,3249,1134,2863,0,455,173,8,8,78,19,39,146,122,3253,130374
Jalisco,13,8558,10715,1346,20656,1338,40968,49577,2988,1663,1452,0,262,47,9,9,71,23,135,121,75,3518,143531
Jalisco,14,25918,16497,828,2992,1304,63036,34158,3152,1018,3011,0,700,193,8,7,63,7,123,118,220,3331,156684
Jalisco,15,10244,21390,778,3872,2626,22195,31217,3234,1209,2796,0,280,125,9,13,160,16,42,123,198,2851,103378
Jalisco,16,35762,23877,1220,2744,1125,72639,34907,2652,968,4133,0,1187,267,26,15,102,11,40,148,134,4157,186114
Jalisco,17,14160,14854,1065,3168,1443,40058,40571,3041,1053,3353,4097,339,164,6,19,89,17,73,185,142,3922,131819
Jalisco,18,38734,14912,828,2015,742,70358,23685,1891,874,2024,0,1051,270,28,7,71,7,20,130,134,2909,160690
Jalisco,19,17592,17607,950,3462,1558,45841,42672,5351,1214,4068,0,541,206,15,13,133,16,78,176,122,3943,145558
Jalisco,2,20871,10403,1628,2903,3145,52851,40229,4471,1370,2204,0,620,111,25,14,150,9,28,119,125,3142,144418
Jalisco,20,26359,14565,816,2660,1073,47544,31174,2835,1336,2537,0,716,203,17,8,198,13,33,133,110,2920,135250
Jalisco,3,23092,18647,1245,3688,1349,51669,40568,3465,1145,3775,0,748,228,26,19,105,22,83,150,131,4170,154325
Jalisco,4,22513,28563,997,4210,3688,44958,36035,5563,6793,4233,0,306,134,20,16,79,14,26,84,143,4008,162383
Jalisco,5,15976,17860,1747,2729,2442,31041,39047,4799,1894,2362,0,450,150,13,21,68,15,42,148,88,3178,124070
Jalisco,6,19876,22106,881,15836,2722,45730,34661,5622,807,6657,0,116,71,11,8,50,14,54,73,61,3946,159302
Jalisco,7,19250,42295,2159,4321,1498,48405,38895,2604,714,3433,0,202,133,25,18,28,10,22,57,95,5082,169246
Jalisco,8,18636,22434,4853,6521,7955,52788,41310,3207,1520,7290,0,389,78,25,21,168,22,44,182,97,5051,172591
Jalisco,9,14775,26246,979,3068,3368,36422,32564,3701,1288,2850,0,208,109,12,7,49,8,29,107,128,3315,129233
México,1,21083,74892,1782,33290,2984,7198,55944,4980,5441,5729,0,1169,415,40,58,90,24,149,337,75,5555,221235
México,10,10830,23650,12468,4546,2956,7701,62468,3780,3989,3618,0,814,93,53,85,197,15,63,400,119,3637,141482
México,11,8848,74673,1391,8667,4835,16369,64766,8067,2940,8415,0,1205,340,32,82,143,23,51,594,93,5373,206907
México,12,27113,45592,2423,4830,2050,6277,57999,3704,4776,3802,0,0,0,0,0,146,17,68,380,121,4157,163455
México,13,33982,56226,2566,6286,4519,3530,57031,3583,4727,4211,0,0,0,0,0,120,17,74,335,227,4202,181636
México,14,17098,33754,7386,8329,1811,7067,57657,3308,6059,4216,0,1117,202,46,93,250,15,89,378,179,3579,152633
México,15,46419,29363,1983,9033,2783,6643,64265,2358,2064,2751,0,2447,660,40,19,0,0,0,0,137,4195,175160
México,16,15993,33057,2766,6327,2170,3542,54810,1990,994,3656,0,0,0,0,0,0,0,0,0,107,3991,129403
México,17,7674,76528,10575,12617,2814,14915,43688,3868,1751,1328,0,1511,508,65,292,0,0,0,0,44,6539,184717
México,18,10568,31548,8398,3037,1635,3102,56439,1789,1106,2668,0,0,0,0,0,0,0,0,0,164,4034,124488
México,19,11296,38560,6291,4494,1898,3472,57216,1844,1570,2786,0,0,0,0,0,0,0,0,0,183,4439,134049
México,2,6624,45281,2010,3837,1716,4285,55693,1774,1168,5875,0,0,0,0,0,232,21,136,331,113,3774,132870
México,20,13127,36401,5502,3998,1795,3776,59877,1877,946,2367,0,0,0,0,0,0,0,0,0,173,4611,134450
México,21,52037,29842,2152,5661,2151,5492,55273,2225,1341,3116,0,1818,520,43,27,204,25,68,433,137,3646,166211
México,22,58781,23442,1968,5509,2168,4850,51853,2357,1552,3995,0,1723,523,62,30,225,62,92,470,100,3652,163414
México,23,12809,37634,3659,2805,3108,3167,60063,2249,921,2206,0,0,0,0,0,356,57,110,627,90,4326,134187
México,24,11337,35272,3984,3294,2757,3468,54189,1992,1108,2172,0,0,0,0,0,0,0,0,0,167,4148,123888
México,25,76587,47566,7214,4646,2900,6036,49466,2819,1251,4593,0,0,0,0,0,0,0,0,0,68,5273,208419
México,26,44579,40873,2094,4615,2173,5094,63486,1912,1208,3518,0,1592,459,46,40,0,0,0,0,162,4573,176424
México,27,14038,24058,7894,2952,1846,28967,60062,1694,832,1759,0,943,140,43,68,0,0,0,0,98,4236,149630
México,28,8480,42822,6957,13288,1982,11075,57669,5397,3879,6543,0,0,0,0,0,0,0,0,0,91,5119,163302
México,29,76344,35249,2483,3860,3782,7664,50568,3056,2368,2858,0,0,0,0,0,0,0,0,0,149,6351,194732
México,3,16546,62636,4778,16501,5676,3029,63760,6304,3032,5182,0,0,0,0,0,0,0,0,0,112,5822,193378
México,30,31686,31635,2064,3887,2642,8582,58452,5252,1505,2963,0,1004,448,48,40,236,38,102,526,126,4514,155750
México,31,3212,44873,1632,2170,1988,2028,57495,1430,714,1574,0,0,0,0,0,0,0,0,0,64,3557,120737
México,32,21202,54358,1999,6204,2443,4537,65495,5195,2264,3554,0,1462,595,54,63,228,48,128,457,120,4591,174997
México,33,37929,62825,2287,6263,10014,12855,54007,5107,4404,6593,0,2756,703,59,69,265,63,66,692,172,4477,211606
México,34,33114,32292,11226,12665,2880,3723,58748,2091,2122,12268,0,0,0,0,0,0,0,0,0,235,5447,176811
México,35,9107,26686,9600,2684,2395,30974,64134,2471,1013,3356,0,658,101,31,95,0,0,0,0,131,4750,158186
México,36,4178,52278,2925,3345,1809,1955,54120,2745,1021,3623,0,0,0,0,0,187,22,61,418,85,3574,132346
México,37,6735,22549,7675,2869,2348,31868,63124,2257,903,2187,0,524,67,28,93,0,0,0,0,97,4618,147942
México,38,3814,15000,24335,10947,2741,4504,60311,2118,2013,2831,0,534,61,44,240,152,21,108,437,92,4774,135077
México,39,6850,33850,4252,7452,2925,6588,58650,2449,2216,2650,0,961,177,19,142,0,0,0,0,89,4625,133895
México,4,33236,58743,2518,6175,2818,5300,64340,4020,2652,4389,0,2163,569,56,52,261,32,105,578,178,4569,192754
México,40,7285,49625,7372,18395,9473,13261,47714,6979,3385,5756,0,1406,260,53,147,121,33,97,589,89,5486,177526
México,41,8868,70261,15259,13659,3261,4114,67698,4276,2880,4371,0,2038,364,90,397,0,0,0,0,49,6643,204228
México,5,21228,30317,2814,11267,2683,14279,63953,5721,5554,4933,0,0,0,0,0,0,0,0,0,953,5725,169427
México,6,13929,36607,5005,20549,1797,3606,64680,3675,1965,3990,0,0,0,0,0,0,0,0,0,125,4671,160599
México,7,4535,51530,2744,4236,2692,3158,45299,2453,1445,7040,0,1007,202,28,138,191,25,70,430,121,3865,131209
México,8,15970,54473,3710,22687,5845,6811,54082,6197,2246,4140,0,782,404,33,47,0,0,0,0,160,6453,184040
México,9,34324,56707,1717,7949,2462,4869,76155,2400,1168,3006,0,723,345,42,32,252,37,120,589,198,4223,197318
Michoacán de Ocampo,1,6412,15441,15190,5073,11248,2096,74453,1489,2104,2337,0,567,155,58,297,0,0,0,0,55,6464,143439
Michoacán de Ocampo,10,8500,25728,23912,16776,13955,7895,38106,14892,1841,7851,0,707,236,104,200,0,0,0,0,80,9066,169849
Michoacán de Ocampo,11,8270,20001,32517,12530,10841,3776,47641,4361,2907,2396,0,3067,323,245,436,394,108,213,2730,50,6544,159350
Michoacán de Ocampo,12,32208,23089,10390,10389,5842,10805,42251,4178,2187,5324,0,786,389,204,279,0,0,0,0,49,5845,154215
Michoacán de Ocampo,2,32532,20959,7745,5571,6889,10253,35523,3859,1015,2887,0,636,302,378,98,0,0,0,0,76,4777,133500
Michoacán de Ocampo,3,12236,20341,21758,17944,11842,9385,40288,2725,2799,2793,0,1224,287,183,318,0,0,0,0,85,7949,152157
Michoacán de Ocampo,4,12013,22088,20790,8237,6453,8348,45677,9253,2642,4917,0,827,154,96,603,0,0,0,0,44,7287,149429
Michoacán de Ocampo,5,22366,20767,9197,7401,3263,3593,49381,3035,2020,2760,0,1168,359,309,118,0,0,0,0,147,6985,132869
Michoacán de Ocampo,6,13478,6816,17934,3168,3409,2002,46475,969,569,1190,9286,1462,149,148,136,0,0,0,0,39,4376,111606
Michoacán de Ocampo,7,48150,23997,9584,9014,3946,4105,48319,2617,1933,2697,0,2040,499,285,84,0,0,0,0,149,6762,164181
Michoacán de Ocampo,8,14211,26063,18102,13317,14846,3239,39982,8140,3955,5458,0,1921,390,163,243,0,0,0,0,55,9626,159711
Michoacán de Ocampo,9,8187,19322,14138,18111,5210,3336,31697,2865,2636,5902,0,571,83,176,110,104,57,92,1092,519,5010,119218
Morelos,1,43993,15685,4867,5637,4744,5072,47415,4178,2332,15803,0,0,0,0,0,0,0,0,0,307,6575,156608
Morelos,2,19233,13864,10112,6671,5253,9890,47547,3778,11086,9290,0,0,0,0,0,86,36,68,206,147,6743,144010
Morelos,3,17172,13607,3829,5671,9078,13411,55074,16775,6664,6461,0,0,0,0,0,0,0,0,0,164,7538,155444
Morelos,4,8404,11128,3119,4330,10503,11821,47137,3282,32236,25630,0,0,0,0,0,87,42,62,179,107,7440,165507
Morelos,5,20813,18145,2897,9121,11139,13355,54113,11781,9580,13088,0,0,0,0,0,0,0,0,0,126,10276,174434
Nayarit,1,7172,21671,4557,7381,9609,30537,55163,3946,3874,4752,0,1409,259,71,80,1319,223,315,282,47,7866,160533
Nayarit,2,14896,10842,3968,7129,6181,25307,66783,6933,5023,4193,0,1848,239,107,58,2145,248,528,517,137,5351,162433
Nayarit,3,26440,10845,2483,7528,8774,19475,53464,2714,4820,5247,0,1997,502,140,41,1201,268,327,359,56,7147,153828
Nuevo León,1,104458,19267,571,2281,1154,25629,18563,934,958,2077,0,0,0,0,0,0,0,0,0,159,3792,179843
Nuevo León,10,33409,65907,902,2856,2267,35216,29522,1701,782,1774,0,0,0,0,0,350,55,108,205,63,3538,178655
Nuevo León,11,35091,22355,2124,4104,3086,35327,27033,1273,1122,1833,0,0,0,0,0,643,102,228,237,47,3318,137923
Nuevo León,12,102762,23960,786,3504,2326,37210,29453,1174,838,1576,0,0,0,0,0,0,0,0,0,69,4225,207883
Nuevo León,2,11599,55072,486,1697,7887,22807,14323,747,908,1088,0,0,0,0,0,358,92,56,306,47,3840,121313
Nuevo León,3,69724,63223,1166,2622,3608,49974,24770,1851,785,1453,0,0,0,0,0,0,0,0,0,114,4796,224086
Nuevo León,4,48250,32426,2124,12103,4846,47323,31410,2796,3997,4707,0,0,0,0,0,384,121,167,197,387,5828,197066
Nuevo León,5,37804,43421,867,5783,1922,33545,26480,1720,903,1648,0,0,0,0,0,345,59,156,175,55,3794,158677
Nuevo León,6,51831,71628,852,8245,6269,22015,28885,1089,2169,1092,0,0,0,0,0,0,0,0,0,77,7654,201806
Nuevo León,7,49811,72076,945,2029,1525,42035,20077,1050,739,1298,0,0,0,0,0,264,35,65,166,78,4043,196236
Nuevo León,8,60829,43223,944,2975,2652,31293,27310,2416,1121,1167,0,0,0,0,0,395,72,129,239,68,4207,179040
Nuevo León,9,37210,41864,995,8063,2274,32199,28535,1517,1068,2971,0,0,0,0,0,415,70,181,123,47,4349,161881
Oaxaca,1,7822,40277,8387,4403,4189,8797,91577,4748,4291,5636,0,1116,599,45,90,246,36,89,219,311,6462,189340
Oaxaca,10,7914,45466,8204,8837,10098,4244,73994,3419,4547,3654,0,714,273,46,150,0,0,0,0,24,7418,179002
Oaxaca,2,11642,25812,4287,7320,12548,4739,73423,3898,3261,10444,0,760,406,36,80,210,111,89,482,73,6163,165784
Oaxaca,3,7895,24644,2633,7981,14936,3685,66197,3028,2172,4169,0,511,237,37,60,245,112,134,606,58,6450,145790
Oaxaca,4,3065,27354,2155,4663,10411,3058,91070,3131,2887,4017,0,380,153,24,52,181,98,93,329,49,5132,158302
Oaxaca,5,4380,26678,5692,6177,18403,3156,65285,4644,2869,5605,0,538,139,73,128,0,0,0,0,55,7949,151771
Oaxaca,6,5454,42601,10660,3309,17435,4153,87200,5492,3745,4209,0,680,152,41,97,89,33,30,232,55,5028,190695
Oaxaca,7,11787,35391,2020,2681,9178,6329,74870,7174,2790,6785,0,1009,267,18,49,352,64,75,646,102,4873,166460
Oaxaca,8,5106,51416,16078,4445,8112,3055,68591,2914,4954,4033,0,725,177,112,251,66,35,60,207,57,7625,178019
Oaxaca,9,15270,31158,5916,13943,9480,3657,69872,3673,2642,5813,0,789,420,94,134,0,0,0,0,95,9520,172476
Puebla,1,27265,37006,8461,13313,8420,20645,57696,7699,3645,4528,0,745,395,377,409,235,111,144,667,109,10233,202103
Puebla,10,13966,62545,4269,19149,9248,6443,61634,3674,5369,8611,0,331,420,114,201,93,60,97,792,139,9359,206514
Puebla,11,23961,36585,2511,12667,12568,19506,51471,8237,4087,9831,0,1001,525,92,179,196,97,98,1510,85,9291,194498
Puebla,12,25386,37013,6410,14966,15232,10119,48719,9220,6413,5270,0,295,237,177,92,56,47,86,517,54,11312,191621
Puebla,13,21095,18762,8243,9154,18205,12646,45860,8392,6099,8339,0,803,372,176,114,296,116,129,1274,177,7491,167743
Puebla,14,33635,12539,1201,3264,2446,4217,54846,1930,1472,3064,0,1387,780,103,28,302,36,131,947,94,4608,127030
Puebla,15,22675,23896,4667,10927,9225,10425,62536,5515,7991,8169,0,594,429,151,58,192,60,133,1090,188,8598,177519
Puebla,2,31698,37397,2621,16184,12477,23793,51831,4523,2592,6956,0,921,668,145,100,91,51,122,856,65,9337,202428
Puebla,3,59393,11459,1509,4830,2747,3796,56475,1796,1416,2887,0,1596,745,108,21,330,50,185,1057,128,4978,155506
Puebla,4,62641,13243,3276,5532,4373,7730,59307,9973,4387,6959,0,1209,446,531,21,288,37,106,983,325,7210,188577
Puebla,5,41571,15588,1577,3572,3477,4092,50070,2498,2152,3102,0,2208,928,100,41,268,41,119,1203,132,5659,138398
Puebla,6,71001,15052,1619,3626,2583,4815,58166,2211,1231,3257,0,1945,913,129,33,326,36,142,1045,154,5404,173688
Puebla,7,21402,31606,5694,6497,7200,7678,68481,5164,6560,7939,0,1058,618,194,134,179,39,75,1145,149,8486,180298
Puebla,8,16996,41284,11878,9108,12202,6340,72936,5772,5056,5911,0,388,1187,306,211,177,54,120,1095,190,8749,199960
Puebla,9,18050,21086,1342,9091,11503,6384,63265,7116,1898,8847,0,245,238,143,27,400,122,158,1491,402,7598,159406
Querétaro,1,59436,33950,1562,9896,1448,2482,31480,2355,3427,5884,0,0,0,0,0,0,0,0,0,54,6994,158968
Querétaro,2,61347,24919,2739,4867,1603,2989,41660,3514,3977,4008,0,0,0,0,0,68,10,43,102,112,5147,157105
Querétaro,3,85358,18274,1707,5393,1696,4151,55852,2468,1824,2968,0,0,0,0,0,146,23,50,158,103,4559,184730
Querétaro,4,107568,19438,1908,5434,1896,3537,51136,2143,1772,2698,0,0,0,0,0,0,0,0,0,158,4971,202659
Querétaro,5,96816,32815,2031,8051,2861,3435,41199,2605,2595,3579,0,0,0,0,0,0,0,0,0,85,5697,201769
Quintana Roo,1,33556,19501,4008,6279,5369,6246,67854,4320,2570,10859,0,1157,713,189,79,680,108,562,706,279,6930,171965
Quintana Roo,2,12392,24368,5872,2985,7442,7966,70781,3268,5414,8013,0,1221,509,136,178,927,93,230,801,343,5682,158621
Quintana Roo,3,9013,5010,3269,7647,1904,2962,46818,7885,1439,11594,0,242,92,219,23,307,63,359,391,156,4894,104287
Quintana Roo,4,35001,11005,4254,13410,2819,5160,49061,5868,1836,15802,0,706,218,293,25,469,119,489,397,258,5750,152940
San Luis Potosí,1,23152,28271,2941,41459,7947,14230,21563,5204,2267,2397,0,1074,867,150,63,336,2504,148,50,117,9732,164472
San Luis Potosí,2,27234,25755,10212,68133,3668,8777,29708,2550,3864,1916,0,1075,437,816,77,0,0,0,0,143,12339,196704
San Luis Potosí,3,24274,38129,2901,32451,8376,7536,24278,4415,2566,1960,0,672,601,130,83,219,1899,156,88,51,9621,160406
San Luis Potosí,4,16356,16365,3322,24265,6830,4754,35180,6302,20278,5208,0,534,326,79,39,174,1439,141,85,127,7757,149561
San Luis Potosí,5,62371,21860,2283,39608,2929,5368,29339,2104,1962,2304,0,2405,1029,87,53,242,2018,228,121,279,5888,182478
San Luis Potosí,6,32051,15108,2113,55195,3650,5843,32520,2656,3115,3500,0,1549,694,73,41,395,2482,361,113,296,6742,168497
San Luis Potosí,7,30866,22761,4678,37353,6785,5172,41537,5612,22335,1947,0,542,692,124,94,225,1997,264,63,52,14712,197811
Sinaloa,1,15063,24504,1903,1917,4658,8674,71018,3218,1657,3400,0,664,280,22,27,157,20,58,257,41,4645,142183
Sinaloa,2,14341,33928,1542,2286,12244,7780,76341,2295,2462,3908,0,1841,408,29,42,132,37,92,697,60,4466,164931
Sinaloa,3,7408,50983,4078,2207,6524,6905,82970,4008,3728,2004,0,707,291,40,93,40,13,52,257,24,5801,178133
Sinaloa,4,14284,38597,4646,7455,728,4097,78956,2734,1990,1404,0,1568,569,61,70,0,0,0,0,40,4693,161892
Sinaloa,5,15389,37108,1413,2810,1650,6915,75993,3469,1502,3832,0,1601,409,30,39,100,14,89,187,119,3685,156354
Sinaloa,6,11264,39356,1492,3847,8044,5603,72596,6968,1431,3309,0,1140,321,23,60,0,0,0,0,67,5735,161256
Sinaloa,7,13017,34655,1265,2508,1926,6495,68493,3049,1729,2129,0,1195,319,21,37,91,14,88,194,166,4084,141475
Sonora,1,15517,18750,1149,5568,4151,6267,48358,4247,955,3847,0,1402,458,46,33,0,0,0,0,150,3619,114517
Sonora,2,18199,25912,1875,4530,4675,9047,51417,10032,1905,2514,0,1262,640,88,83,273,49,101,314,102,4763,137781
Sonora,3,13787,28943,789,2713,2309,16508,60071,1494,1229,2429,0,935,403,16,17,221,54,143,199,141,3450,135851
Sonora,4,10958,27022,2688,5027,18324,10802,60709,2190,2462,4118,0,1237,392,118,45,0,0,0,0,91,5276,151459
Sonora,5,18725,41021,1083,2593,2225,10305,59453,1757,715,2087,0,1353,455,19,26,254,50,132,212,132,3611,146208
Sonora,6,10108,27215,2136,3143,3567,16486,60877,2551,1265,3362,0,921,276,23,41,0,0,0,0,120,3631,135722
Sonora,7,10902,29791,1597,3003,9611,7182,61122,2585,2995,1933,0,863,474,34,45,152,99,130,340,312,3931,137101
Tabasco,1,1458,10077,9920,18607,1361,2147,87842,7037,2727,1121,0,50,614,13,23,0,0,0,0,63,4009,147069
Tabasco,2,843,3335,42392,6160,3429,2131,95430,2717,2772,1349,0,212,29,72,128,0,0,0,0,307,4320,165626
Tabasco,3,927,7200,32965,1817,1934,4191,84500,3004,1940,2370,0,125,68,13,84,0,0,0,0,43,4117,145298
Tabasco,4,4111,22517,4847,3859,2826,3187,92162,2108,1916,3300,0,222,239,19,47,0,0,0,0,102,4445,145907
Tabasco,5,1446,8155,15285,16170,9500,7368,95805,4606,9400,10698,0,137,51,8,37,0,0,0,0,55,6224,184945
Tabasco,6,2763,18597,4475,6428,1880,11935,89139,2423,1908,3381,0,199,315,12,69,0,0,0,0,79,4579,148182
Tamaulipas,1,59758,11630,955,2939,2045,3267,60861,1958,1478,2249,0,0,0,0,0,86,15,56,420,108,3209,151034
Tamaulipas,2,49815,12285,1163,4729,3821,4230,47148,5578,1316,2299,0,0,0,0,0,128,23,54,852,51,3184,136676
Tamaulipas,3,50591,21123,1925,3942,5938,3881,58365,2516,1684,1702,0,0,0,0,0,145,22,51,488,70,3733,156176
Tamaulipas,4,37205,11810,1083,2482,2608,3142,80563,1838,1048,1332,0,0,0,0,0,124,26,70,541,93,2793,146758
Tamaulipas,5,75147,28546,1503,3409,3652,8891,55987,2558,2966,1836,0,0,0,0,0,125,19,55,546,81,3726,189047
Tamaulipas,6,73171,26955,1611,7381,6940,6465,60542,2576,2108,1616,0,0,0,0,0,0,0,0,0,52,5981,195398
Tamaulipas,7,54402,6969,2926,2088,3165,5027,75620,4944,1698,1684,0,0,0,0,0,220,18,49,958,91,3278,163137
Tamaulipas,8,79493,4732,1119,1977,2664,5883,70737,2456,2170,1102,0,0,0,0,0,339,24,62,754,120,2773,176405
Tamaulipas,9,36402,7803,1359,2639,3024,3871,60164,4633,1685,1229,0,0,0,0,0,129,30,49,687,37,3000,126741
Tlaxcala,1,29786,26525,8487,8660,10123,5538,56268,4806,9522,7057,30928,523,329,139,70,251,69,109,204,120,10574,210088
Tlaxcala,2,15851,32009,8588,10048,13950,11809,86984,5436,9520,12054,0,421,149,50,103,224,64,116,277,137,10828,218618
Tlaxcala,3,21185,31651,11952,5829,14700,6834,86926,5873,11861,8588,0,531,214,76,69,0,0,0,0,83,12088,218460
Veracruz de Ignacio de la Llave,1,28742,12776,8045,19408,3138,3455,70171,8005,3655,5344,0,659,348,101,37,572,112,510,249,316,4592,170235
Veracruz de Ignacio de la Llave,10,43204,19811,17428,19465,11253,7069,50499,3786,3190,2596,0,514,305,230,93,420,145,223,187,156,6985,187559
Veracruz de Ignacio de la Llave,11,31470,6160,4863,15636,3424,13604,53741,3571,2726,10617,0,401,157,92,19,196,71,178,122,91,4183,151322
Veracruz de Ignacio de la Llave,12,57460,6247,1512,4317,1939,4899,68098,1758,1696,1961,0,857,365,107,24,741,50,320,392,70,3314,156127
Veracruz de Ignacio de la Llave,13,9792,9000,21701,2522,3307,7055,60412,5500,3593,6423,0,1093,110,153,104,576,65,231,415,204,3717,135973
Veracruz de Ignacio de la Llave,14,19612,10763,31952,13259,6803,19208,68655,5127,4066,3045,0,1150,119,180,128,0,0,0,0,35,5194,189296
Veracruz de Ignacio de la Llave,15,20538,20430,4453,11371,8251,12108,61963,8873,9138,5715,0,574,236,65,36,0,0,0,0,64,7874,171689
Veracruz de Ignacio de la Llave,16,25087,21588,9993,14861,11532,27188,69042,5101,8449,16474,0,1164,257,114,53,737,282,324,464,84,8490,221284
Veracruz de Ignacio de la Llave,17,20429,41806,6458,7771,6511,15091,62147,3983,8023,4410,0,1246,440,91,91,0,0,0,0,89,8122,186708
Veracruz de Ignacio de la Llave,18,26694,33251,3045,5094,3844,12127,71541,4265,2612,3798,0,2455,499,87,86,0,0,0,0,174,6330,175902
Veracruz de Ignacio de la Llave,19,7747,24372,4390,3888,3239,9386,93989,4130,1530,5443,0,779,184,42,73,0,0,0,0,106,4697,163995
Veracruz de Ignacio de la Llave,2,80638,8492,1540,9104,1717,11013,61578,2771,2966,3178,0,1041,383,89,6,675,66,478,312,101,4244,190392
Veracruz de Ignacio de la Llave,20,41811,30264,4111,11086,2696,20464,72856,3637,2425,5122,0,493,328,76,32,832,145,425,186,81,6510,203580
Veracruz de Ignacio de la Llave,3,15085,11776,11148,8572,6044,3827,81426,5472,3279,6110,0,1348,265,160,86,832,188,313,558,48,4905,161442
Veracruz de Ignacio de la Llave,4,23776,35949,15880,6569,5075,15399,67243,5355,4104,3092,0,2362,502,181,187,480,78,243,301,98,5759,192633
Veracruz de Ignacio de la Llave,5,30480,22549,5355,5208,4372,11575,83381,3926,4609,7524,0,1311,427,97,74,540,81,298,328,239,5850,188224
Veracruz de Ignacio de la Llave,6,19083,12294,11572,14763,8810,15174,70607,4788,5872,8434,0,690,302,127,83,683,201,426,313,72,7860,182154
Veracruz de Ignacio de la Llave,7,21614,27198,14392,19591,6920,9421,67506,8810,8000,9079,0,764,209,173,108,679,276,368,207,84,9732,205131
Veracruz de Ignacio de la Llave,8,13548,9142,14581,9771,6642,28956,71103,6116,8177,5477,0,1061,161,158,104,932,230,418,284,59,6897,183817
Veracruz de Ignacio de la Llave,9,10402,29339,9270,3426,3425,11110,96941,6342,7045,7982,0,880,241,83,127,0,0,0,0,71,7074,193758
Yucatán,1,87609,65892,2277,3549,2568,3474,53694,2129,1176,2407,0,0,0,0,0,0,0,0,0,71,5053,229899
Yucatán,2,57804,49277,8023,9006,3038,10620,66873,6657,1389,3929,0,0,0,0,0,65,13,149,213,44,6510,223610
Yucatán,3,55580,45909,1348,1819,1478,3190,53650,1545,698,2043,0,0,0,0,0,0,0,0,0,89,5001,172350
Yucatán,4,96138,33671,1321,1989,1280,4821,49420,1797,671,2549,0,0,0,0,0,0,0,0,0,109,4714,198480
Yucatán,5,68360,53914,11019,10565,7808,9722,58116,2948,1385,4404,0,0,0,0,0,26,23,136,105,49,6561,235141
Zacatecas,1,16275,39790,3960,7967,7549,3841,52893,5290,992,6414,0,1648,409,55,110,212,56,118,427,51,4962,153019
Zacatecas,2,27787,34256,14807,10566,9658,7157,54739,5007,1055,4380,0,2229,576,163,194,450,146,219,455,68,6306,180218
Zacatecas,3,14563,43216,7980,8596,20560,6815,51119,9284,1605,5742,0,1501,299,67,135,386,108,156,435,97,7442,180106
Zacatecas,4,10716,49580,3107,4952,17798,6940,62942,4230,2003,8815,0,1534,252,46,110,0,0,0,0,136,7119,180280
